,name,encoding
0,raja,"[-0.15887189  0.13858798  0.0822477  -0.10469068 -0.05449682  0.03252169
  0.00458965 -0.03932654  0.15961644 -0.06123325  0.26388714 -0.02323489
 -0.31489164 -0.12326068 -0.04830188  0.10268515 -0.18831491 -0.08676662
 -0.07986762 -0.11879991  0.06345856  0.09608824 -0.0417564   0.01334137
 -0.11945236 -0.3352958  -0.04361942 -0.072915    0.04635598 -0.06670362
  0.00448778 -0.00708627 -0.20813705 -0.08549573 -0.03574845  0.08585028
 -0.10607106 -0.09008481  0.15720685  0.05504496 -0.1260969   0.02940257
  0.0242015   0.32088724  0.14551263  0.05557908 -0.02277791 -0.03276833
  0.12600529 -0.25631282  0.04295575  0.21729228  0.17747775  0.07765256
  0.08348662 -0.15013954  0.04219473  0.15793404 -0.21078309  0.03083516
  0.01437162 -0.08688749  0.02550618 -0.08013669  0.14555793  0.07633062
 -0.0953416  -0.10612374  0.1439739  -0.12706207 -0.07270511  0.09495636
 -0.10352737 -0.17132652 -0.27585369  0.10509525  0.39701849  0.19881053
 -0.14811057 -0.03517646 -0.08062512 -0.03321121  0.09732343  0.0593548
 -0.10156908 -0.06056292 -0.10403252  0.00470511  0.15031198  0.01982448
 -0.07752603  0.21622553  0.05727539  0.01614562  0.01450839 -0.02344329
 -0.11918527  0.02642949 -0.05054074  0.00083545  0.03851261 -0.14523645
 -0.0060961   0.09989246 -0.19284482  0.17868389  0.0415662  -0.01306122
  0.00745847 -0.00644351 -0.05920249  0.0160523   0.14229029 -0.2810556
  0.21872632  0.21296847  0.02043642  0.17985597  0.08445977  0.03826079
 -0.03877786 -0.05093763 -0.15580304 -0.1527909   0.04047026 -0.03284037
  0.10300181  0.01672655]"
1,raja,"[-0.14637466  0.13267061  0.06199476 -0.07682952 -0.03158322 -0.01475839
  0.02815439 -0.03336758  0.18014912 -0.07213813  0.1816112  -0.03975931
 -0.27634007 -0.01354205 -0.1064478   0.12809485 -0.13489497 -0.04555016
 -0.10540138 -0.12044151  0.03892827  0.12883309 -0.00764137  0.04440347
 -0.06604198 -0.27554196 -0.05270027 -0.04367498 -0.00991687 -0.04402696
 -0.02145025  0.04720994 -0.20066571 -0.09004626  0.00565248  0.03127375
 -0.05906075 -0.01399668  0.16229582  0.076842   -0.1150023   0.02566426
  0.07052296  0.32289109  0.12394364  0.07205434 -0.06105196 -0.09055707
  0.09900302 -0.21843401  0.02534263  0.16408566  0.11822702  0.06086284
  0.08112471 -0.16765761  0.04783169  0.07910213 -0.19169672  0.0593846
  0.03700019 -0.08434951  0.0084209  -0.05237222  0.13129731  0.07156327
 -0.06765706 -0.13665728  0.16031049 -0.14304073 -0.00497529  0.10563641
 -0.05830748 -0.16433138 -0.25040799  0.06747854  0.38695279  0.20802513
 -0.10874315 -0.01698835 -0.09466129 -0.05509325  0.08891702  0.03107011
 -0.14708102 -0.02531966 -0.0966462   0.03995109  0.13861772  0.03311007
 -0.09510013  0.21189123  0.03917955 -0.00218038  0.01021652  0.01253326
 -0.17905682  0.02113784 -0.13115439 -0.02608013  0.0359748  -0.13462128
  0.02262065  0.13056098 -0.18356484  0.13545395 -0.00710119 -0.05123791
 -0.04030752  0.07113557 -0.10227834  0.00653221  0.12057783 -0.20205986
  0.18064184  0.1440949   0.01318694  0.14651166  0.08165718  0.06230393
 -0.03393754 -0.03070755 -0.11395489 -0.13336936  0.06160643 -0.01041256
  0.14183134  0.03374928]"
2,raja,"[-1.61690965e-01  1.31625369e-01  5.09668924e-02 -4.76650558e-02
 -1.35748565e-01  3.53453518e-03 -2.67152302e-03 -5.06937578e-02
  1.33029133e-01 -2.07544900e-02  2.05018237e-01 -3.08019184e-02
 -2.52905101e-01 -6.71175718e-02 -4.03627940e-02  1.49697825e-01
 -1.32473409e-01 -9.60855708e-02 -1.40021011e-01 -1.56854063e-01
 -9.42867063e-03  5.59512191e-02 -4.97866794e-02  1.67434439e-02
 -1.00681171e-01 -2.86051899e-01 -5.75500801e-02 -3.90991420e-02
  1.24880366e-01 -1.14439487e-01 -1.36594465e-02  3.40636820e-02
 -2.61218458e-01 -7.57365376e-02 -7.92004541e-03  3.10493317e-02
 -9.71228480e-02 -7.32308701e-02  1.93398893e-01  5.64104356e-02
 -1.38501868e-01  6.18546680e-02  8.67096633e-02  3.06547135e-01
  1.92580342e-01  2.06270963e-02 -2.35151500e-04 -8.97289291e-02
  1.20524131e-01 -2.44646922e-01  1.88458860e-02  2.37197667e-01
  1.74712732e-01  1.02326840e-01  8.50448683e-02 -1.43348470e-01
  5.36481962e-02  1.15163147e-01 -2.03078434e-01  8.91853496e-02
  8.53955075e-02 -2.23133639e-02 -6.93761259e-02 -1.29551440e-01
  1.66753024e-01  7.35200197e-02 -8.80009681e-02 -1.61237031e-01
  1.59442604e-01 -1.56152278e-01 -3.59332822e-02  1.31198958e-01
 -7.34427571e-02 -2.00320199e-01 -2.99430430e-01  1.15411252e-01
  3.92289937e-01  2.54868984e-01 -1.89281374e-01  2.55647209e-03
 -7.60830268e-02 -4.60016541e-02  6.88683167e-02  3.79564315e-02
 -1.51637197e-01 -5.97663075e-02 -6.22765869e-02  3.89949679e-02
  1.73111171e-01  2.86419634e-02 -7.66655011e-03  2.29578435e-01
  9.50048566e-02 -1.88461654e-02 -3.42300348e-02  3.27689424e-02
 -1.26018971e-01 -3.13508101e-02 -6.04904369e-02 -2.85522006e-02
  6.13655522e-02 -1.63783297e-01  4.72577065e-02  1.18829437e-01
 -2.01712266e-01  2.16099918e-01  6.11315249e-03 -1.09243765e-03
 -3.08202859e-02  3.63312140e-02 -4.95433137e-02  3.48202959e-02
  1.39645264e-01 -2.85951018e-01  2.40100577e-01  1.97357148e-01
 -3.20776850e-02  1.00839481e-01  8.39152113e-02  1.15971670e-01
 -5.78176826e-02 -2.11967435e-02 -8.84867907e-02 -1.42863095e-01
  1.61798764e-02 -9.15820897e-02  5.59385493e-02  5.04607745e-02]"
3,raja,"[-0.13406447  0.12823743  0.10640031 -0.08636952 -0.04648909 -0.01238882
  0.01264493 -0.00490189  0.09618238 -0.0390271   0.25984508 -0.02237657
 -0.25509387 -0.08783928 -0.0192251   0.11905547 -0.15202549 -0.09856825
 -0.12965102 -0.09413084  0.04116704  0.05572701 -0.06521577  0.03111444
 -0.11905591 -0.30108932 -0.03198614 -0.0312007   0.09353042 -0.10220794
  0.02513686  0.0302845  -0.20005783 -0.05134261 -0.01753849  0.04660785
 -0.08911899 -0.09422034  0.18125263  0.06667973 -0.15705487  0.01312691
  0.03249861  0.29819494  0.15237026  0.04528153  0.0205815  -0.0533336
  0.09173272 -0.22322313  0.00212324  0.20078005  0.13542207  0.11086109
  0.07921336 -0.16847938  0.09305625  0.09798965 -0.23302567  0.04547655
  0.01975402 -0.0790184   0.00412165 -0.08796825  0.13828053  0.0636056
 -0.08564185 -0.16157478  0.13750389 -0.15752171 -0.07050584  0.14016688
 -0.06880558 -0.15895408 -0.27682346  0.05229706  0.34954241  0.22454199
 -0.19192654 -0.00689651 -0.03695441 -0.05406032  0.15189372  0.07516248
 -0.11360604 -0.0273829  -0.08002106 -0.00587651  0.15765506  0.06688631
 -0.08784539  0.17534445  0.06203524  0.001491    0.02762349 -0.01825869
 -0.10421658  0.03087489 -0.04645004  0.00265307  0.02285837 -0.11587577
 -0.000744    0.08374843 -0.1373671   0.21085614  0.02900986  0.02070808
 -0.03847008  0.03529232 -0.0855971   0.03133067  0.12016363 -0.28220415
  0.22537485  0.21412407 -0.00113768  0.10183398  0.12012547  0.06109481
 -0.04389108 -0.02722334 -0.1316267  -0.12377921  0.03573273 -0.08529327
  0.13575861 -0.00311264]"
4,raja,"[-0.11643496  0.1302821   0.08161955 -0.08204108 -0.04678897 -0.04746262
  0.03115819 -0.02181516  0.14166486 -0.03901481  0.31162652 -0.0364644
 -0.22001784 -0.13305032 -0.0532149   0.15434355 -0.16410074 -0.07314932
 -0.11066344 -0.03871618  0.06185546  0.06127775 -0.03142189  0.05082325
 -0.06677452 -0.33731997 -0.03817214 -0.0849541   0.10174336 -0.11654974
 -0.01333885  0.03250825 -0.2250592  -0.11576286 -0.01554006  0.03407417
 -0.09562564 -0.08285696  0.20134565  0.07743258 -0.17384721  0.04293113
  0.02611119  0.31557062  0.16028079  0.05363925  0.0158734  -0.09337198
  0.1149205  -0.21502548  0.0220771   0.1708888   0.15957859  0.08295695
  0.08003357 -0.1542699   0.08155747  0.06708784 -0.25702435  0.04168441
  0.07004258 -0.02628383 -0.00320149 -0.09729391  0.14840519  0.04177671
 -0.0853152  -0.13698864  0.13945721 -0.16464289 -0.03762025  0.13261415
 -0.07192338 -0.18951298 -0.2662136   0.05995429  0.3673217   0.2346627
 -0.19157574 -0.00933799 -0.06742862 -0.05897993  0.14935507  0.06870694
 -0.06778486 -0.00594739 -0.08599421 -0.01897654  0.13683492  0.03463814
 -0.05562019  0.21885832  0.04009413  0.00793236  0.01188984 -0.03892752
 -0.10797343  0.05898402 -0.06878942  0.01623964 -0.00231328 -0.11490237
 -0.00367576  0.06743193 -0.15348367  0.18180442  0.0194337   0.02262238
 -0.02209655  0.02586624 -0.10196288  0.00223068  0.11305322 -0.25597334
  0.24517557  0.18402588  0.01714116  0.10673602  0.11831371  0.07183579
 -0.04261781 -0.05133445 -0.16355497 -0.10665954  0.05651627 -0.07955596
  0.13793771 -0.01624738]"
5,raja,"[-0.13346685  0.1549291   0.05835401 -0.0655678  -0.06033245 -0.0365775
 -0.00056559 -0.08054174  0.09793563 -0.04540064  0.27942306 -0.01494482
 -0.22329848 -0.09675216 -0.033017    0.09891199 -0.18397462 -0.07483228
 -0.06896961 -0.07600742  0.02753387  0.03971905 -0.01551307  0.01250374
 -0.1028223  -0.28561115 -0.03159736 -0.04363681  0.0744203  -0.04206986
  0.05806046  0.04916427 -0.17699377 -0.04717831 -0.01576275  0.07785432
 -0.13015883 -0.03185864  0.22862917  0.05275773 -0.14175597  0.02168706
 -0.04258238  0.34788889  0.16907941  0.03951061  0.00178362 -0.05457947
  0.09688578 -0.23948359  0.0464088   0.22370832  0.1171686   0.08172594
  0.00797967 -0.12890898  0.09289198  0.11249384 -0.2315805   0.01763753
  0.06349957 -0.14367338  0.03708898 -0.05749854  0.17583662  0.08264019
 -0.07620104 -0.09317325  0.15266614 -0.13404377 -0.08587316  0.06315584
 -0.09574711 -0.18808083 -0.28578523  0.07044294  0.34676102  0.20399487
 -0.16434629 -0.01298902 -0.0399816  -0.03412452  0.16221339  0.09613582
 -0.08630854 -0.08026669 -0.09102027 -0.01486808  0.15647903 -0.00772285
 -0.11510308  0.19323097  0.05616819  0.00895244  0.04644282 -0.03779982
 -0.06213463  0.0388541  -0.06819465  0.02295751  0.00970423 -0.13509949
  0.00143361  0.10097364 -0.16376077  0.24001187  0.03627468  0.02191675
 -0.01095229 -0.02627654 -0.05266042  0.00089421  0.14734639 -0.23318622
  0.28190774  0.20591344  0.03511723  0.17725717  0.106422    0.05144087
 -0.04123253 -0.02430863 -0.14489597 -0.10708553  0.029766   -0.03143483
  0.1294392   0.03564458]"
6,raja,"[-1.84216261e-01  1.36918887e-01  7.01809227e-02 -8.47443864e-02
 -8.19451585e-02 -5.36090732e-02  1.94794647e-02 -7.26650655e-02
  9.98867005e-02 -6.93115816e-02  2.58643478e-01 -3.42308134e-02
 -2.62408227e-01 -1.02190681e-01 -4.06612754e-02  1.17944881e-01
 -1.64311618e-01 -1.09948009e-01 -9.92419347e-02 -5.77586219e-02
  7.22611025e-02  5.66189289e-02 -3.70444320e-02 -1.54655240e-03
 -1.25616819e-01 -3.55750412e-01 -8.13701749e-02 -4.69025150e-02
  2.46672332e-02 -4.84521091e-02  5.78845143e-02  2.35232152e-02
 -2.03644753e-01 -6.46927506e-02  7.00305495e-03  1.01809129e-01
 -9.26448256e-02 -5.97748905e-02  1.71891615e-01  5.15520461e-02
 -1.82260185e-01  1.90164410e-02  2.00783256e-02  3.22252035e-01
  1.05506293e-01  5.91622666e-02  9.75321420e-03 -8.19632709e-02
  9.99733731e-02 -2.00781375e-01  2.00858116e-02  1.83241189e-01
  1.29510045e-01  6.16328903e-02  8.76087472e-02 -1.03819199e-01
  1.42021403e-01  1.04344249e-01 -2.41555095e-01 -7.74195744e-03
  8.83467346e-02 -1.58934996e-01 -3.98813933e-03 -8.53741020e-02
  1.62822202e-01  3.65831293e-02 -6.98478222e-02 -1.09025314e-01
  1.90817371e-01 -1.24315724e-01 -7.30452687e-02  7.73919001e-02
 -6.35371506e-02 -1.70975581e-01 -2.94377744e-01  7.29787350e-02
  4.12022859e-01  2.12057978e-01 -1.73149779e-01  2.30773818e-03
 -5.16970232e-02 -2.63085924e-02  1.37379870e-01  7.94150531e-02
 -1.06622815e-01 -2.63273641e-02 -1.44485459e-01  4.49000672e-03
  1.69192836e-01  1.23487413e-02 -4.63741682e-02  1.81656957e-01
  6.63282946e-02  1.18238833e-02  6.10932857e-02 -4.31146100e-02
 -1.39537826e-01  2.09338889e-02 -5.51590547e-02  9.70883295e-03
  5.99226132e-02 -1.52085781e-01 -2.28102095e-02  1.08163536e-01
 -1.62412614e-01  2.03759670e-01  1.22735677e-02 -3.35071459e-02
 -3.10791917e-02 -1.61884651e-02 -5.27904667e-02 -4.00620978e-04
  9.58877727e-02 -2.51460969e-01  2.20459476e-01  1.98609352e-01
  1.51716499e-03  1.63306624e-01  1.05309501e-01  5.74214011e-02
 -8.08113292e-02 -3.65123078e-02 -1.93400845e-01 -1.54606313e-01
  5.85992485e-02 -4.69892658e-02  1.26802951e-01  5.39153814e-03]"
7,raja,"[-0.15866654  0.20473933  0.07623845 -0.07667217 -0.08465163  0.03147887
 -0.03539868 -0.04441201  0.18118916 -0.06818703  0.24903677 -0.03187109
 -0.26583594 -0.04330014 -0.08980574  0.13754492 -0.17924301 -0.02850342
 -0.10798151 -0.09523959  0.07830021  0.10575198  0.00062765  0.00881303
 -0.09346507 -0.34048662 -0.05095851 -0.03943753  0.0511844  -0.06527615
 -0.02252001 -0.01278113 -0.17978847 -0.07868989 -0.02908603  0.07166262
 -0.11401708 -0.07019034  0.16717021  0.08050785 -0.13191974  0.06448237
 -0.00759524  0.3422015   0.17035682  0.03912048 -0.00515396 -0.09756805
  0.10918941 -0.23677498  0.02430479  0.21563376  0.09342274  0.08882385
  0.07166883 -0.12548354  0.0671851   0.12688752 -0.18242864  0.00931791
  0.0914847  -0.08812612  0.01604344 -0.07665695  0.15374115  0.08842144
 -0.07281517 -0.12673157  0.13359985 -0.09685247 -0.03854408  0.06864505
 -0.10473731 -0.18334608 -0.26710215  0.09020382  0.42218885  0.21442063
 -0.1362195  -0.02001612 -0.10521157 -0.0263385   0.12368822  0.04338432
 -0.11217539 -0.05296525 -0.09822957  0.0517517   0.16050944 -0.01101355
 -0.07251888  0.2291853   0.08016042  0.00525209  0.02868065 -0.00852654
 -0.1342006   0.02957319 -0.09900662  0.0094674   0.03659368 -0.16158459
  0.00434258  0.07831422 -0.21047251  0.20120256  0.04646261 -0.01443723
 -0.00657541 -0.01384093 -0.10620064  0.04915109  0.1811489  -0.23992331
  0.23507845  0.19752838  0.06682961  0.18228608  0.1276179   0.05551388
 -0.04784295 -0.03391584 -0.12475547 -0.12048101  0.03218318 -0.01119559
  0.10887352  0.03658468]"
8,raja,"[-0.16705026  0.20731728  0.12018804 -0.04710058 -0.05407692  0.00672855
 -0.01146578 -0.07622747  0.13839622 -0.07726321  0.30165207 -0.01304432
 -0.2694107  -0.10580263 -0.03341512  0.12790562 -0.12878937 -0.08653216
 -0.06380366  0.00146749  0.08049145  0.06406154 -0.01642678  0.00971294
 -0.06150198 -0.36368859 -0.06822508 -0.00539481  0.04601353 -0.0752754
 -0.06369342  0.02258204 -0.16094176 -0.10581218 -0.00126864  0.0957985
 -0.11839291 -0.07063998  0.15770231  0.05508232 -0.1459281   0.01524925
 -0.01818684  0.31245014  0.1441862   0.07236966  0.02952503 -0.09918609
  0.08590005 -0.19911402  0.01864768  0.19291578  0.12468858  0.10523
  0.04628762 -0.16971828  0.06913098  0.08114664 -0.18922251  0.03116938
  0.06529707 -0.15624817  0.01993282 -0.07184691  0.16851993  0.07220769
 -0.07249938 -0.14413023  0.15568778 -0.09135009 -0.07582904  0.0783489
 -0.10672273 -0.1797435  -0.2426693   0.0587519   0.35848776  0.21003629
 -0.17703825 -0.00901228 -0.0812461  -0.01881305  0.10528608  0.09657363
 -0.06944166 -0.01956473 -0.12931162 -0.02404976  0.16309983  0.01833532
 -0.08718199  0.21699233  0.04541291  0.05720017  0.06992985 -0.01566507
 -0.09809493  0.03722372 -0.08758619 -0.02896325  0.02203704 -0.15501194
 -0.00730544  0.09478248 -0.16562292  0.20946419  0.01913569  0.07232328
  0.00869517 -0.0240231  -0.08099835  0.0282458   0.12234771 -0.25563321
  0.25114048  0.19289023  0.05084705  0.1644939   0.13490994  0.0739537
 -0.02577241 -0.0560344  -0.14903432 -0.13003878  0.05102155 -0.02072206
  0.13200293  0.0289991 ]"
9,raja,"[-0.15257475  0.16340946  0.03967921 -0.07408108 -0.07045528 -0.03060098
  0.00522984 -0.10025925  0.09791546 -0.03837202  0.2999928  -0.01310311
 -0.26115504 -0.1075384  -0.03153446  0.11948805 -0.14662163 -0.05405048
 -0.09075447 -0.06586385  0.02733705  0.03347265  0.01663023 -0.00380245
 -0.10814388 -0.32170478 -0.03758615 -0.00607976  0.05196556 -0.06596915
 -0.03815033  0.02627277 -0.22917172 -0.11644745  0.01408424  0.1148942
 -0.14955476 -0.07217063  0.17135407  0.07708436 -0.10738356  0.0325942
  0.04937695  0.30448821  0.18560621  0.01611915  0.00509291 -0.09720066
  0.08006106 -0.22287956  0.02909003  0.17334774  0.14498027  0.10733324
  0.02902199 -0.09518729  0.08519439  0.07413442 -0.18089169 -0.01059483
  0.10151729 -0.09795875 -0.0452709  -0.08189717  0.19053151  0.08688094
 -0.06975023 -0.10043242  0.1796262  -0.0839968  -0.1009983   0.02984731
 -0.0758065  -0.17054674 -0.24674182  0.07255204  0.31746995  0.22671945
 -0.18231678  0.00532073 -0.11764599 -0.02750386  0.08587511  0.04036724
 -0.06063827 -0.02638714 -0.09678799  0.01945292  0.173502   -0.00951652
 -0.06930774  0.21325214  0.0841711   0.0386707   0.08548258 -0.0231318
 -0.12792744  0.00686612 -0.14252611 -0.0585242   0.05168222 -0.15341771
  0.02247597  0.12201899 -0.18918665  0.24066637  0.05166429  0.0146073
  0.06038892 -0.02086139 -0.03866682 -0.00481567  0.0849496  -0.23406242
  0.27432811  0.17908192  0.05534856  0.13934666  0.13103171  0.05052296
 -0.02442054 -0.01095114 -0.13302705 -0.14110899  0.01064938 -0.02215666
  0.11100121  0.04401125]"
10,raja,"[-0.17158012  0.15154816  0.10214686 -0.08134887 -0.04754378 -0.02255328
  0.02076693 -0.05928658  0.14001356 -0.06790435  0.280503   -0.01451985
 -0.21604753 -0.1223098  -0.01988284  0.14694422 -0.16126342 -0.06603384
 -0.06616029 -0.05508676  0.03806333  0.00688738 -0.02888086  0.00824219
 -0.04248356 -0.33052877 -0.0523547  -0.07065105  0.06907786 -0.05874925
  0.00457823  0.00297816 -0.24557151 -0.09742228 -0.05322482  0.04962802
 -0.14379428 -0.04737149  0.15253389  0.02810524 -0.13027629 -0.01353665
  0.00447736  0.2796399   0.16141905  0.03804595 -0.0120733  -0.05768724
  0.10229698 -0.24728577  0.03796888  0.16915116  0.14316544  0.09828538
  0.04988505 -0.11269248  0.1134      0.08861399 -0.24509282  0.05210927
  0.08265976 -0.09286138 -0.04923173 -0.05108409  0.19032325  0.1099329
 -0.08660937 -0.1147247   0.15678491 -0.11220876 -0.0192758   0.06485825
 -0.09125654 -0.2072085  -0.26731819  0.09377672  0.35652524  0.21786629
 -0.16844909 -0.01669732 -0.08942156 -0.01322213  0.14506152  0.08037799
 -0.06155962 -0.05901038 -0.07723328 -0.01072824  0.09727057  0.00207459
 -0.06666229  0.21367088  0.02649652  0.01229223 -0.00036069 -0.02587988
 -0.07336652  0.02717194 -0.08809896 -0.00682089  0.01308031 -0.12353301
 -0.02189163  0.08695354 -0.15663651  0.19841157  0.03944602  0.05171263
  0.01663934 -0.01859929 -0.07181647 -0.01885539  0.09168007 -0.2227691
  0.26765794  0.19032829 -0.00900067  0.14089286  0.09964722  0.07464372
 -0.02312355 -0.05440623 -0.16089797 -0.08462042  0.04899465 -0.0477176
  0.07488854  0.00848675]"
11,raja,"[-0.15378734  0.1361879   0.11578511 -0.09182724 -0.07832582 -0.0262736
 -0.0215106  -0.02922941  0.07543817 -0.04801415  0.27468872 -0.00699115
 -0.25525537 -0.09473053 -0.04153147  0.13323481 -0.13994071 -0.06983852
 -0.13700913 -0.07896083  0.03895096  0.08789626 -0.04424115  0.02036453
 -0.14000349 -0.29329324 -0.02785309  0.02773175  0.01595941 -0.07516727
  0.03480913  0.04796606 -0.19965741 -0.04174262 -0.01681884  0.10359368
 -0.1209088  -0.07957746  0.16119482  0.08963925 -0.15617658  0.04130475
  0.00966721  0.335875    0.16107456  0.0037503   0.01570149 -0.03085281
  0.08983321 -0.25214207  0.00087631  0.19710022  0.16586179  0.09390111
  0.02841473 -0.09300119  0.09745237  0.1431762  -0.23393863  0.01633267
  0.04604279 -0.17088172 -0.00506595 -0.07033186  0.14127079  0.09689428
 -0.10110582 -0.1076592   0.13764976 -0.11787741 -0.07541938  0.09392254
 -0.06997245 -0.16842806 -0.29644081  0.06533346  0.31311971  0.18734109
 -0.21900871 -0.0471802  -0.04645257  0.0010938   0.11404757  0.063816
 -0.10310732 -0.04263211 -0.1138126   0.02629055  0.18714747  0.01402526
 -0.07616157  0.22635767  0.12706304 -0.03316053  0.05817067 -0.00904917
 -0.07501816 -0.01134567 -0.06172218  0.03258302  0.03396319 -0.14995117
 -0.00767357  0.06032441 -0.14665745  0.24710219  0.05036977  0.00109528
 -0.00658366 -0.02732672 -0.07935952 -0.00524288  0.12547372 -0.23817037
  0.21894147  0.20073506  0.0222429   0.14516518  0.11184847  0.05926237
 -0.07146038 -0.04344912 -0.0669435  -0.14536421  0.0470136  -0.05370711
  0.14835358  0.01541092]"
12,raja,"[-1.41936541e-01  1.55429408e-01  5.98773584e-02 -9.08540562e-02
 -1.18256830e-01 -4.55748523e-03 -1.71972048e-02 -3.09860446e-02
  1.13830328e-01 -9.33256745e-03  2.34261289e-01 -6.13124669e-02
 -2.54206151e-01 -8.80485997e-02 -5.70089929e-02  1.38647079e-01
 -1.63618937e-01 -1.02090999e-01 -8.68451595e-02 -3.25940549e-02
  1.13663174e-01  4.92676832e-02 -4.48320732e-02  7.19434721e-03
 -9.30780768e-02 -4.13109541e-01 -5.38008213e-02 -4.14083600e-02
  3.87747660e-02 -6.82200789e-02  6.63117394e-02  2.55919490e-02
 -1.48431778e-01 -3.05315368e-02 -9.85829905e-03  7.17151165e-02
 -8.46039429e-02 -1.00175187e-01  1.76435977e-01  4.60121334e-02
 -1.72066033e-01  1.87508743e-02 -1.96709931e-02  3.08712631e-01
  1.42510563e-01  4.30513062e-02  6.07996359e-02 -8.90190378e-02
  7.51141682e-02 -2.18024954e-01  3.23343277e-02  2.42708713e-01
  1.15959078e-01  7.04276636e-02  5.09520546e-02 -6.85680062e-02
  9.23806578e-02  1.32052898e-01 -2.44201511e-01  1.97026432e-02
  6.88240081e-02 -8.97611678e-02 -2.02297326e-03 -1.18139789e-01
  1.63153782e-01  7.29353726e-02 -9.76487845e-02 -1.05730131e-01
  1.49967059e-01 -1.43649787e-01 -1.03227749e-01 -9.99070331e-03
 -1.28354847e-01 -1.88874111e-01 -3.27206939e-01  5.45226485e-02
  3.73209268e-01  1.89906940e-01 -2.15370774e-01 -2.25529671e-02
 -5.49261980e-02  9.93194059e-03  1.34599820e-01  9.04338509e-02
 -1.07975513e-01 -8.09483826e-02 -1.05838098e-01 -5.91536798e-03
  1.77510962e-01 -2.45912690e-02 -5.64235263e-02  2.19769165e-01
  7.62009919e-02 -2.57468782e-04  2.46404260e-02 -8.30818620e-03
 -5.05813248e-02  2.82933731e-02 -1.53382029e-02  4.49872613e-02
  4.40514497e-02 -1.55384600e-01 -5.81903430e-03  1.16304621e-01
 -1.88765004e-01  1.76751927e-01  2.60349549e-02  2.14833841e-02
  2.57433672e-02  8.19390640e-04 -9.44492519e-02 -6.50835335e-02
  1.67412803e-01 -2.08531395e-01  2.07237676e-01  2.51289904e-01
  3.23718861e-02  1.45848304e-01  1.02046981e-01  1.00196876e-01
 -4.62241098e-02 -3.68645117e-02 -1.54464588e-01 -8.27915370e-02
  2.62769442e-02 -2.82876380e-03  2.33774036e-02  3.92777026e-02]"
13,raja,"[-0.11956356  0.11493297  0.07817197 -0.11141145 -0.0311823  -0.02238865
  0.0006398   0.0074394   0.1131248  -0.07136369  0.2682721  -0.04589189
 -0.28803045 -0.05281278 -0.03588558  0.09706702 -0.11674749 -0.05600779
 -0.07277533 -0.05695394  0.09605843  0.03309533 -0.05391707 -0.01441742
 -0.09008463 -0.33023646 -0.07092237 -0.05304933 -0.01094651 -0.09171832
  0.00591856  0.04188763 -0.1531609  -0.09713411 -0.0071129   0.08562694
 -0.11474699 -0.08882339  0.16841511  0.06733148 -0.09825173  0.00249377
  0.00647501  0.32748878  0.12430239  0.04878598  0.01080324 -0.03872168
  0.0734696  -0.28732589  0.05284612  0.1963845   0.11821301  0.14060381
  0.07292809 -0.12904461  0.13387737  0.08992084 -0.22399066  0.04286084
  0.06858908 -0.07822385  0.00629228 -0.05270245  0.16655947  0.07869936
 -0.08647178 -0.07783908  0.17846519 -0.08937643 -0.06563277  0.01272673
 -0.13702366 -0.21891615 -0.21617146  0.10624085  0.3131229   0.25345963
 -0.17077543  0.00735939 -0.11377553 -0.006383    0.13122958  0.00220495
 -0.04660798 -0.04237817 -0.08548599  0.01221736  0.16027693 -0.01842926
 -0.09211329  0.21080983  0.05452828  0.00108918  0.07754366 -0.02497534
 -0.06838     0.01432753 -0.14360151  0.02065737  0.04315007 -0.19857328
 -0.04307344  0.10860739 -0.2030253   0.18392794  0.04415176 -0.0130899
 -0.0137065   0.0078729  -0.13374838 -0.00100257  0.14114997 -0.22977597
  0.23742479  0.24259819  0.07300629  0.157929    0.13060777  0.04013085
  0.0144714  -0.07566585 -0.15875654 -0.13850427  0.02852741  0.07279396
  0.0310548   0.03939116]"
14,raja,"[-0.14833847  0.13247734  0.06092153 -0.00710454 -0.00517927 -0.06408767
  0.03494847 -0.09786181  0.18204142 -0.0608559   0.30642095  0.0050602
 -0.24584807 -0.09458662 -0.03340869  0.10549362 -0.16212192 -0.07341251
 -0.10828967 -0.06773794  0.04147228  0.00382752  0.01452888 -0.00627808
 -0.07342685 -0.31600097 -0.05595588 -0.0808892   0.09922095 -0.12947188
  0.03592224 -0.02198167 -0.24624009 -0.10883981 -0.08664241  0.05018517
 -0.09251968 -0.08187564  0.18667313  0.01763318 -0.16758995  0.01848643
 -0.03196525  0.29168352  0.20971064 -0.03021008 -0.04255531 -0.06300064
  0.05443202 -0.21706444 -0.01906547  0.18227366  0.16988887  0.08107103
  0.01244276 -0.12128045  0.06542964  0.04506303 -0.22578663  0.01304788
  0.10705657 -0.05905636  0.01666611 -0.00354645  0.12906387  0.04800435
 -0.07940538 -0.09664878  0.17206275 -0.15087302  0.0105427   0.05220604
 -0.11128806 -0.24495856 -0.27399203  0.09727122  0.35890841  0.18780772
 -0.14372946  0.00110536 -0.14714718 -0.01597006  0.04376284  0.0276534
 -0.06404869 -0.04692883 -0.13071246  0.03628087  0.10887712  0.00576199
 -0.07542213  0.20236945 -0.00113523 -0.02831677  0.0313317   0.02583959
 -0.1193613   0.0480236  -0.10140364  0.0082386   0.02641148 -0.15082611
  0.02791949  0.12620881 -0.13242239  0.19116153  0.04092062  0.01979878
  0.04661295  0.05239232 -0.08371443 -0.05715761  0.13226402 -0.18940483
  0.27893639  0.21134989  0.0221293   0.13163254  0.08714757  0.10286103
 -0.05089349  0.02533538 -0.15341526 -0.08945297 -0.05866154 -0.01151369
  0.07549905  0.0380578 ]"
15,raja,"[-1.41079515e-01  1.55892402e-01  7.76955113e-02 -4.09024097e-02
 -8.81323591e-02 -1.08229127e-02 -9.45294276e-04 -8.57337192e-02
  1.49680465e-01 -2.33567525e-02  2.76721001e-01  4.45722714e-02
 -2.34005570e-01 -5.07024564e-02 -8.58007818e-02  1.23281464e-01
 -1.57292977e-01 -1.03779130e-01 -7.88060352e-02 -7.16122286e-03
  9.71578956e-02  1.01592600e-01  2.91136838e-03 -4.46074754e-02
 -7.93111473e-02 -3.74893457e-01 -5.72162196e-02 -9.78577230e-03
  6.87338337e-02 -3.02681439e-02  7.39316866e-02 -7.62411510e-05
 -1.87231973e-01 -6.09965883e-02  3.54666356e-03  7.24140406e-02
 -7.50116408e-02 -6.26928210e-02  1.82997569e-01  4.51792926e-02
 -2.10963473e-01  4.69456688e-02  1.14910100e-02  3.22537571e-01
  1.26307756e-01  3.73146608e-02  3.28180268e-02 -1.28521487e-01
  2.09533591e-02 -1.97860971e-01  4.37607691e-02  1.71250284e-01
  8.48327801e-02  4.92121913e-02  5.52417338e-02 -1.19863801e-01
  9.05272216e-02  7.68371150e-02 -1.93156928e-01  2.17354540e-02
  1.34797826e-01 -8.77321661e-02  3.95099819e-02 -7.43403211e-02
  1.83495015e-01  3.40151526e-02 -6.23760931e-02 -1.28198072e-01
  1.42322630e-01 -1.39251307e-01 -8.79183114e-02  3.95359434e-02
 -8.51765350e-02 -1.57352298e-01 -3.19801927e-01  3.62500772e-02
  4.09357965e-01  1.42692536e-01 -1.83695853e-01  1.92969814e-02
 -5.63689098e-02  2.89698374e-02  1.68925315e-01  6.71116114e-02
 -8.05041194e-02 -3.08974274e-02 -1.54038087e-01 -2.86165290e-02
  2.14646965e-01  2.06631087e-02 -8.38003904e-02  2.14817286e-01
  6.40201196e-02 -8.34344979e-03  9.83317941e-02  2.71688923e-02
 -6.84017241e-02  2.81757303e-02 -8.87816101e-02  2.97661498e-02
  2.15705298e-02 -1.41690552e-01  8.50745849e-03  1.33550242e-01
 -1.58269763e-01  1.67251721e-01  1.49240205e-02  3.27294283e-02
  6.65208250e-02  2.80019641e-02 -9.04386267e-02 -6.81526363e-02
  1.49912655e-01 -2.11000174e-01  2.61164218e-01  1.84386954e-01
  2.32957322e-02  1.40670598e-01  1.16253547e-01  1.15871973e-01
 -9.38472748e-02  1.61022581e-02 -1.68314859e-01 -9.00820121e-02
 -1.76334977e-02 -6.15021288e-02  1.08207025e-01  6.22824579e-02]"
16,raja,"[-1.53875291e-01  1.51613533e-01  9.44865644e-02 -7.92522132e-02
 -1.21571738e-02 -5.53411059e-02  5.80307767e-02  3.72018712e-03
  1.75097734e-01  2.09464263e-02  2.83873826e-01  4.67969850e-02
 -2.80864894e-01 -1.38913646e-01  2.84826122e-02  1.16781659e-01
 -1.25576541e-01 -8.43405500e-02 -7.43694827e-02 -2.18851864e-02
  2.27995738e-02  5.91995306e-02  6.83677662e-03  1.86596811e-02
 -7.96269551e-02 -2.81519115e-01 -1.91592798e-02 -9.02717263e-02
  4.44797948e-02 -1.28664941e-01  2.04703640e-02  2.18546297e-02
 -1.36312202e-01 -9.52566564e-02 -9.51114204e-03  5.98528013e-02
 -1.07490182e-01 -7.30114728e-02  2.05801308e-01  4.88198623e-02
 -1.54337689e-01 -4.97176051e-02  2.31209211e-04  3.38372380e-01
  1.63369194e-01 -3.90149057e-02  1.76009946e-02 -2.10311711e-02
  5.50558344e-02 -2.74522752e-01  7.35328868e-02  1.58695728e-01
  1.42392263e-01  7.41603076e-02  1.23637214e-01 -1.61249489e-01
  5.39269559e-02  9.11843628e-02 -2.08297700e-01  5.04299700e-02
  9.85638127e-02 -8.89635831e-02 -2.54943147e-02 -8.97535980e-02
  1.86329365e-01  5.23543842e-02 -1.16255097e-01 -8.83787274e-02
  1.14685789e-01 -9.88786966e-02 -4.57794294e-02  8.17010254e-02
 -9.88271758e-02 -1.53952777e-01 -2.46174216e-01  9.13812518e-02
  2.28328466e-01  1.77999750e-01 -1.93448365e-01  1.12431329e-02
 -1.20855473e-01  3.78964096e-03  3.27644050e-02  3.26121263e-02
 -6.37057424e-02 -1.65220629e-02 -1.22566141e-01 -6.06703125e-02
  8.57966840e-02  1.85016152e-02 -2.06373986e-02  1.96744382e-01
  2.24802624e-02 -4.95316684e-02  4.79148105e-02 -4.23896164e-02
 -8.25966075e-02 -1.12414788e-02 -6.84604421e-02  3.64205567e-03
  2.12289020e-02 -2.19120279e-01  9.06783156e-04  9.31211114e-02
 -2.02774316e-01  1.53850928e-01  4.40556854e-02  3.28843221e-02
  4.54149358e-02  1.21729579e-02 -6.69602230e-02 -4.44945171e-02
  1.31365806e-01 -2.37295538e-01  2.63241023e-01  1.61295906e-01
  1.20711196e-02  1.16623789e-01  5.77379018e-02  1.06660224e-01
 -8.09454843e-02  5.01378439e-03 -7.95885324e-02 -6.95380196e-02
 -2.71405373e-03 -2.95374468e-02  6.17921315e-02  4.25789766e-02]"
17,raja,"[-0.14956382  0.10707251  0.08613645 -0.10148427 -0.09790784 -0.02425595
 -0.03663015 -0.0664255   0.13615039 -0.10050184  0.29441324  0.05180819
 -0.20919356 -0.05984794 -0.05885344  0.09067625 -0.1585333  -0.09026629
 -0.04564484 -0.03296293  0.06307216  0.0642264   0.00814535 -0.02210107
 -0.0951089  -0.34698433 -0.08929116 -0.02470121  0.05395973 -0.04958954
  0.06707197  0.01514214 -0.20831604 -0.05022555 -0.04266064  0.09909519
 -0.10405058 -0.09203653  0.16941494  0.05493391 -0.1336468   0.01905362
 -0.05330182  0.31217587  0.13001712  0.01378435  0.03712034 -0.0754787
  0.04919124 -0.24628599  0.07920643  0.17000622  0.10713872  0.06861281
  0.0587699  -0.12709622  0.11719677  0.15522097 -0.24058203  0.03213368
  0.02938083 -0.05012896  0.05154404 -0.05309913  0.22148003  0.12608853
 -0.07676905 -0.11596107  0.18206143 -0.09413999 -0.08049878  0.03566629
 -0.12432382 -0.19905515 -0.26939613  0.08281285  0.35717171  0.17733654
 -0.16883555  0.02296829 -0.08742756 -0.02449264  0.1053021   0.0494371
 -0.07133903 -0.05899344 -0.10887673  0.00307346  0.17638803  0.01610176
 -0.11655746  0.2204408   0.04381542 -0.02343318  0.08828081  0.0010859
 -0.06819749  0.04490103 -0.08700943  0.02204885  0.02448377 -0.15772739
 -0.04460974  0.13069931 -0.17810941  0.20359209  0.01062193 -0.00876551
  0.01655036 -0.02360243 -0.09858527 -0.02450657  0.14328979 -0.26604667
  0.29668733  0.20324723  0.04405956  0.21208243  0.09814047  0.06304334
 -0.02992976 -0.02954713 -0.1568256  -0.09662358  0.01036219 -0.03153839
  0.07973884  0.07562745]"
18,raja,"[-0.15959971  0.22587508  0.07972574 -0.06827706 -0.05597191  0.01489375
  0.00076897 -0.07751021  0.12731028 -0.07157581  0.28111699  0.038949
 -0.26765311 -0.07253712 -0.08162418  0.13444787 -0.16579421 -0.12897336
 -0.13175288 -0.04492814  0.07061365  0.0752278  -0.05660387 -0.02428565
 -0.07734716 -0.32216227 -0.03066773  0.0075759   0.04628015 -0.07654466
  0.07205046  0.0031763  -0.16475332 -0.05550817 -0.01752021  0.08831102
 -0.11278994 -0.0317226   0.18501323  0.03729802 -0.17142288  0.04366463
  0.03625503  0.33613676  0.147302    0.04166831 -0.00213967 -0.08191369
  0.06558317 -0.2444317   0.02032727  0.19241628  0.13428983  0.12542525
  0.03144331 -0.17390139  0.07473341  0.10156561 -0.21609412  0.03787355
  0.06230778 -0.17415625 -0.0112931  -0.05773726  0.13950939  0.05274492
 -0.09959846 -0.11708254  0.16219148 -0.14074911 -0.06317866  0.06191663
 -0.07331924 -0.17513934 -0.29827651  0.06372957  0.35156661  0.18278602
 -0.15282185 -0.0185932  -0.01711504  0.00040358  0.09346797  0.07573019
 -0.11572314 -0.0569242  -0.1075001   0.00380599  0.15734299  0.04116805
 -0.09384682  0.21945173  0.06497581  0.01021913  0.06602705  0.03348192
 -0.06733706 -0.0031026  -0.09204869  0.03565469 -0.00364598 -0.17767961
 -0.01612032  0.08379255 -0.12647919  0.20179178  0.02823994  0.05959349
  0.00164316  0.01817315 -0.08234102 -0.027316    0.16852187 -0.21131532
  0.26396269  0.2417466   0.02125366  0.14970538  0.15416911  0.07385966
 -0.04321813 -0.02795799 -0.15526988 -0.12159549  0.00791155 -0.06804188
  0.1102123   0.04457994]"
19,raja,"[-0.1183425   0.17572257  0.07528145 -0.00807847 -0.03343395 -0.01387792
  0.00323363 -0.05509598  0.14017703 -0.06600711  0.24200971  0.02595937
 -0.2727313  -0.13045178 -0.01480888  0.12257681 -0.1663707  -0.12881356
 -0.09258507 -0.06010004  0.0504414   0.08322364 -0.07604258  0.02428684
 -0.0731096  -0.32280743 -0.01019975 -0.05921076  0.05569003 -0.15444769
  0.010247   -0.02203043 -0.15493444 -0.06379656 -0.0129122   0.09224795
 -0.11783551 -0.12065587  0.15464221 -0.00175222 -0.16033962  0.03891531
  0.00704988  0.33735779  0.13851769  0.00883741  0.00661416 -0.06436744
  0.14834549 -0.23574816 -0.00302486  0.18966991  0.12495232  0.11121012
  0.04006701 -0.18818854  0.07582498  0.12595552 -0.26654884  0.06899999
  0.0724108  -0.13993891  0.02056952 -0.01751984  0.13518386  0.03804021
 -0.10527591 -0.13224013  0.09901613 -0.20951729 -0.03554856  0.08461653
 -0.06216332 -0.22244254 -0.25247133  0.07022642  0.34120119  0.19953232
 -0.16055636 -0.00513273 -0.05041711  0.00325674  0.1391235   0.0933305
 -0.04975737 -0.06803644 -0.157271   -0.01729215  0.18436176  0.05749084
 -0.0662615   0.20539969  0.05686972 -0.03465055  0.03651011  0.00064337
 -0.1030308   0.02474251 -0.03222009  0.0325969  -0.01707957 -0.18035436
 -0.02459691  0.05894858 -0.13648154  0.21205956  0.04214414  0.06731426
  0.01805424 -0.00908639 -0.09603386 -0.01334073  0.13906507 -0.28169426
  0.2708655   0.21028753  0.06392135  0.18161772  0.05731776  0.07937242
 -0.04687609 -0.07228218 -0.15268832 -0.12104766 -0.00406151 -0.03320954
  0.10127696 -0.0010237 ]"
